company,category,portal_type,url,total,angular,status,verdict,titles
GE HealthCare,main,generic,https://careers.gehealthcare.com/global/en/search-results?keywords=Engineer,0,0,no_api_available,NEEDS_MANUAL_CHECK,[]
Philips,main,generic,https://www.careers.philips.com/global/en/search-results?keywords=Engineer,0,0,no_api_available,NEEDS_MANUAL_CHECK,[]
Novartis,main,generic,https://www.novartis.com/careers/career-search?search_api_fulltext=Software,0,0,no_api_available,NEEDS_MANUAL_CHECK,[]
IQVIA,main,generic,https://jobs.iqvia.com/en/jobs/?search=Engineer,0,0,no_api_available,NEEDS_MANUAL_CHECK,[]
Baker Hughes,main,generic,https://careers.bakerhughes.com/global/en/search-results?keywords=Engineer,0,0,no_api_available,NEEDS_MANUAL_CHECK,[]
SLB,main,generic,https://careers.slb.com/job-search?query=Software,0,0,no_api_available,NEEDS_MANUAL_CHECK,[]
Microsoft,main,generic,https://jobs.careers.microsoft.com/global/en/search?q=Engineer,0,0,no_api_available,NEEDS_MANUAL_CHECK,[]
Intuit,main,generic,https://jobs.intuit.com/search-jobs?k=Software,0,0,no_api_available,NEEDS_MANUAL_CHECK,[]
SAP Labs,main,generic,https://jobs.sap.com/search/?q=Engineer,0,0,no_api_available,NEEDS_MANUAL_CHECK,[]
Adobe,main,generic,https://careers.adobe.com/us/en/search-results?keywords=Engineer,0,0,no_api_available,NEEDS_MANUAL_CHECK,[]
Broadcom,main,workday,https://broadcom.wd1.myworkdayjobs.com/External_Career?q=Engineer,0,0,api_303,NO_ANGULAR,[]
Locus,main,freshteam,https://locus.freshteam.com/jobs,0,0,no_api_available,NEEDS_MANUAL_CHECK,[]
ACI Worldwide,main,oracle,https://ebwg.fa.us2.oraclecloud.com/hcmUI/CandidateExperience/en/sites/CX/requisitions?keyword=Engineer,0,0,no_api_available,NEEDS_MANUAL_CHECK,[]
EisnerAmper,main,workday,https://eisneramper.wd1.myworkdayjobs.com/EisnerAmper_External?q=Engineer,0,0,api_303,NO_ANGULAR,[]
Celonis,main,greenhouse,https://job-boards.greenhouse.io/celonis/,192,2,ok,CONFIRMED_ANGULAR,"[""Engineering Manager - Orchestration and Automation"", ""Senior Software Engineer - Orchestration and Automation""]"
Creatio,main,lever,https://jobs.eu.lever.co/creatio/,0,0,api_error,NEEDS_MANUAL_CHECK,[]
RTX,main,workday,https://globalhr.wd5.myworkdayjobs.com/en-US/REC_RTX_Ext_Gateway?q=Engineer,0,0,api_303,NO_ANGULAR,[]
Airbus,main,workday,https://ag.wd3.myworkdayjobs.com/en-US/Airbus?q=Engineer,0,0,api_303,NO_ANGULAR,[]
Diamondback Energy,main,workday,https://diamondbackenergy.wd12.myworkdayjobs.com/DBE?q=Engineer,40,0,ok,NO_ANGULAR,[]
SEW-EURODRIVE,main,workday,https://seweurodrive.wd5.myworkdayjobs.com/en-US/SEW?q=Engineer,0,0,api_303,NO_ANGULAR,[]
AVEVA,main,workday,https://aveva.wd3.myworkdayjobs.com/en-US/RIB_Careers?q=Engineer,0,0,api_303,NO_ANGULAR,[]
SimCorp,main,workday,https://simcorp.wd3.myworkdayjobs.com/en-US/SimCorp_Jobs?q=Engineer,0,0,api_303,NO_ANGULAR,[]
Nextracker,main,workday,https://nextracker.wd5.myworkdayjobs.com/en-US/nextpower_careers?q=Engineer,0,0,api_303,NO_ANGULAR,[]
Thoughtworks,main,generic,https://www.thoughtworks.com/careers/jobs/,0,0,no_api_available,NEEDS_MANUAL_CHECK,[]
Deloitte,main,generic,https://southasiacareers.deloitte.com/search/?q=Engineer,0,0,no_api_available,NEEDS_MANUAL_CHECK,[]
PwC,main,generic,https://jobs.pwc.com/global/en/search-results?keywords=Engineer,0,0,no_api_available,NEEDS_MANUAL_CHECK,[]
Publicis Sapient,main,generic,https://careers.publicissapient.com/job-search,0,0,no_api_available,NEEDS_MANUAL_CHECK,[]
JPMorgan Chase,main,oracle,https://jpmc.fa.oraclecloud.com/hcmUI/CandidateExperience/en/sites/CX_1002/,0,0,no_api_available,NEEDS_MANUAL_CHECK,[]
Goldman Sachs,main,generic,https://www.goldmansachs.com/careers/,0,0,no_api_available,NEEDS_MANUAL_CHECK,[]
Visa,main,workday,https://visa.wd5.myworkdayjobs.com/en-US/Visa/,0,0,api_303,NO_ANGULAR,[]
S&P Global,main,generic,https://careers.spglobal.com/jobs/,0,0,no_api_available,NEEDS_MANUAL_CHECK,[]
We Work Remotely,main,generic,https://weworkremotely.com/remote-front-end-programming-jobs,0,0,no_api_available,NEEDS_MANUAL_CHECK,[]
Remote OK,main,generic,https://remoteok.com/remote-angular-jobs,0,0,no_api_available,NEEDS_MANUAL_CHECK,[]
Wellfound,main,generic,https://wellfound.com/jobs,0,0,no_api_available,NEEDS_MANUAL_CHECK,[]
Uplers,main,generic,https://www.uplers.com/join-as-a-talent/,0,0,no_api_available,NEEDS_MANUAL_CHECK,[]
Turing,main,generic,https://www.turing.com/jobs,0,0,no_api_available,NEEDS_MANUAL_CHECK,[]
Toptal,main,generic,https://www.toptal.com/careers,0,0,no_api_available,NEEDS_MANUAL_CHECK,[]
Andela,main,generic,https://andela.com/talent/,0,0,no_api_available,NEEDS_MANUAL_CHECK,[]
BairesDev,main,generic,https://jobs.bairesdev.com/,0,0,no_api_available,NEEDS_MANUAL_CHECK,[]
Optimum,main,generic,https://www.optimum.io/careers/,0,0,no_api_available,NEEDS_MANUAL_CHECK,[]
Siemens,main,generic,https://jobs.siemens.com/,0,0,no_api_available,NEEDS_MANUAL_CHECK,[]
UnitedHealth,main,generic,https://careers.unitedhealthgroup.com/,0,0,no_api_available,NEEDS_MANUAL_CHECK,[]
Degreed,main,greenhouse,https://boards.greenhouse.io/degreed,6,1,ok,CONFIRMED_ANGULAR,"[""Staff UI Engineer | Bengaluru, IN""]"
Ivanti,main,generic,https://careers.ivanti.com/,0,0,no_api_available,NEEDS_MANUAL_CHECK,[]
Dell Technologies,main,generic,https://jobs.dell.com/en,0,0,no_api_available,NEEDS_MANUAL_CHECK,[]
Rakuten Symphony,main,generic,https://symphony.rakuten.com/careers,0,0,no_api_available,NEEDS_MANUAL_CHECK,[]
Cisco,main,generic,https://careers.cisco.com/,0,0,no_api_available,NEEDS_MANUAL_CHECK,[]
Exadel,main,greenhouse,https://job-boards.greenhouse.io/exadelinc,70,1,ok,CONFIRMED_ANGULAR,"[""Senior Software Engineer (Python, AI)""]"
Capco,main,greenhouse,https://boards.greenhouse.io/capco,757,30,ok,CONFIRMED_ANGULAR,"[""AI Engineer"", ""AI Engineer - COM INGL\u00caS - Remoto"", ""AI  Engineer  Lead"", ""Desenvolvedor(a) de Software / Engenharia de Qualidade - COM INGL\u00caS - H\u00edbrido Barueri/SP"", ""D\u00e9veloppeur Full Stack (Java/Angular)/Java Full Stack Developer""]"
Nagarro,main,generic,https://www.builtin.com/companies/nagarro,0,0,no_api_available,NEEDS_MANUAL_CHECK,[]
EPAM Systems,main,generic,https://careers.epam.com/en/it-jobs/angular/india,0,0,no_api_available,NEEDS_MANUAL_CHECK,[]
TRG Screen,main,greenhouse,https://job-boards.eu.greenhouse.io/trgscreen,26,3,ok,CONFIRMED_ANGULAR,"[""Lead Developer (Full Stack)"", ""Senior Software Engineer- Full Stack (Java + Angular) - 2"", ""Senior Software Engineer (Java)""]"
Backbase,main,greenhouse,https://job-boards.greenhouse.io/workatbackbase,43,1,ok,CONFIRMED_ANGULAR,"[""Senior AI Applied Software Engineer""]"
Resilinc,main,generic,https://himalayas.app/companies/resilinc/jobs,0,0,no_api_available,NEEDS_MANUAL_CHECK,[]
Hospitable,main,generic,https://jobgether.com/company/hospitable,0,0,no_api_available,NEEDS_MANUAL_CHECK,[]
Citi,main,phenom,https://jobs.citi.com/search-jobs/Angular/India,0,0,phenom_api_unavailable,NEEDS_MANUAL_CHECK,[]
Deutsche Bank,main,generic,https://careers.db.com/professionals/search-roles/?keyword=Angular&country=India,0,0,no_api_available,NEEDS_MANUAL_CHECK,[]
Morgan Stanley,main,generic,https://www.morganstanley.com/careers/career-opportunities-search?keywords=Angular,0,0,no_api_available,NEEDS_MANUAL_CHECK,[]
BNY Mellon,main,eightfold,https://bny.eightfold.ai/careers?query=Angular&location=India,0,0,no_api_available,NEEDS_MANUAL_CHECK,[]
UBS,main,generic,https://jobs.ubs.com/search/?q=Angular&location=India,0,0,no_api_available,NEEDS_MANUAL_CHECK,[]
Societe Generale GSC,main,generic,https://careers.societegenerale.com/en/search-jobs?keyword=Angular&location=India,0,0,no_api_available,NEEDS_MANUAL_CHECK,[]
Wells Fargo,main,phenom,https://www.wellsfargojobs.com/en/jobs/?search=Angular&location=India,0,0,phenom_api_unavailable,NEEDS_MANUAL_CHECK,[]
HSBC Technology India,main,generic,https://mycareer.hsbc.com/en_GB/external/SearchJobs/?keyword=Angular&location=India,0,0,no_api_available,NEEDS_MANUAL_CHECK,[]
Barclays,main,phenom,https://search.jobs.barclays/search-jobs/Angular/India,0,0,phenom_api_unavailable,NEEDS_MANUAL_CHECK,[]
Fidelity Investments,main,phenom,https://jobs.fidelity.com/in/jobs/?search=Angular,0,0,phenom_api_unavailable,NEEDS_MANUAL_CHECK,[]
Broadridge,main,workday,https://broadridge.wd5.myworkdayjobs.com/en-US/Careers?q=Angular,0,0,api_303,NO_ANGULAR,[]
SS&C Technologies,main,generic,https://wd1.myworkdaysite.com/en-US/recruiting/ssctech/SSCTechnologies?q=Angular,0,0,no_api_available,NEEDS_MANUAL_CHECK,[]
Standard Chartered,main,phenom,https://jobs.standardchartered.com/search-jobs?k=Angular&l=India,0,0,phenom_api_unavailable,NEEDS_MANUAL_CHECK,[]
MetLife,main,generic,https://jobs.metlife.com/search-jobs/Angular/India,0,0,no_api_available,NEEDS_MANUAL_CHECK,[]
FedEx ACC India,main,phenom,https://careers.fedex.com/jobs?search=Angular&location=Hyderabad,0,0,phenom_api_unavailable,NEEDS_MANUAL_CHECK,[]
Amdocs,main,phenom,https://jobs.amdocs.com/careers?query=Angular&location=India,0,0,phenom_api_unavailable,NEEDS_MANUAL_CHECK,[]
Ericsson,main,phenom,https://jobs.ericsson.com/careers?query=Angular&location=india,0,0,phenom_api_unavailable,NEEDS_MANUAL_CHECK,[]
IBM,main,generic,https://www.ibm.com/careers/search?q=Angular&field_keyword_05[0]=India,0,0,no_api_available,NEEDS_MANUAL_CHECK,[]
Zoho,main,generic,https://careers.zoho.com/jobs/Careers?search=Angular,0,0,no_api_available,NEEDS_MANUAL_CHECK,[]
Worldpay,main,workday,https://worldpay.wd5.myworkdayjobs.com/en-US/Worldpay_External_Careers_Site?q=Angular&location=India,0,0,api_303,NO_ANGULAR,[]
Motorola Solutions,main,workday,https://motorolasolutions.wd5.myworkdayjobs.com/en-US/Careers?q=Angular&location=India,0,0,api_303,NO_ANGULAR,[]
KSB Tech,main,workday,https://ksb.wd3.myworkdayjobs.com/en-US/KSB_ExternalCareerSite?q=Angular&location=India,0,0,api_303,NO_ANGULAR,[]
Global Healthcare Exchange,main,greenhouse,https://boards.greenhouse.io/globalhealthcareexchangeinc?q=Angular&location=India,60,14,ok,CONFIRMED_ANGULAR,"[""Manager, Software Engineering - 1457"", ""Manager, Software Engineering - 1497"", ""Manager, Software Engineering - 1564"", ""Principal Software Engineer"", ""Senior Software Engineer""]"
OneTrust,main,greenhouse,https://boards.greenhouse.io/onetrust?q=Angular&location=India,93,6,ok,CONFIRMED_ANGULAR,"[""Principal Software Engineer - Java Backend"", ""Senior Manager, Software Engineering"", ""Senior Software Engineer"", ""Senior Support Analyst - Consent & Preference"", ""Staff Software Engineer - Frontend""]"
Envoy Global,main,greenhouse,https://boards.greenhouse.io/envoyglobalinc?q=Angular&location=India,14,1,ok,CONFIRMED_ANGULAR,"[""Senior Software Engineer (UI)""]"
NiCE,main,greenhouse,https://boards.greenhouse.io/nice?q=Angular&location=India,364,12,ok,CONFIRMED_ANGULAR,"[""Lead Software Architect"", ""Principal Software Architect"", ""Senior Full Stack Engineer "", ""Senior IT Software Engineer"", ""Senior Software Architect""]"
Epic Kids,main,greenhouse,https://boards.greenhouse.io/epickids?q=Angular&location=India,11,3,ok,CONFIRMED_ANGULAR,"[""Junior Software Engineer, Full-Stack"", ""Senior Software Engineer, Full-Stack"", ""Senior Software Engineer, Full-Stack \u2014 Content Tools""]"
Leadstreams,main,greenhouse,https://boards.greenhouse.io/leadstreams?q=Angular&location=India,0,0,api_404,NEEDS_MANUAL_CHECK,[]
Flipkart,indian_product,generic,https://www.flipkartcareers.com/job-search?query=Software,0,0,no_api_available,NEEDS_MANUAL_CHECK,[]
Swiggy,indian_product,generic,https://careers.swiggy.com/search?q=Engineer,0,0,no_api_available,NEEDS_MANUAL_CHECK,[]
Cred,indian_product,generic,https://careers.cred.club/jobs?department=Engineering,0,0,no_api_available,NEEDS_MANUAL_CHECK,[]
Razorpay,indian_product,generic,https://razorpay.com/jobs/?department=Engineering,0,0,no_api_available,NEEDS_MANUAL_CHECK,[]
Zerodha,indian_product,generic,https://careers.zerodha.com/,0,0,no_api_available,NEEDS_MANUAL_CHECK,[]
PhonePe,indian_product,generic,https://www.phonepe.com/careers/jobs/?department=Engineering,0,0,no_api_available,NEEDS_MANUAL_CHECK,[]
Groww,indian_product,generic,https://groww.in/careers,0,0,no_api_available,NEEDS_MANUAL_CHECK,[]
Zepto,indian_product,generic,https://www.zeptonow.com/careers/engineering,0,0,no_api_available,NEEDS_MANUAL_CHECK,[]
Zeta,indian_product,generic,https://careers.zeta.tech/jobs/?department=Engineering,0,0,no_api_available,NEEDS_MANUAL_CHECK,[]
MoEngage,indian_product,generic,https://moengage.hire.trakstar.com/,0,0,no_api_available,NEEDS_MANUAL_CHECK,[]
Darwinbox,indian_product,generic,https://darwinbox.com/en-us/careers,0,0,no_api_available,NEEDS_MANUAL_CHECK,[]
Keka HR,indian_product,generic,https://www.keka.com/careers,0,0,no_api_available,NEEDS_MANUAL_CHECK,[]
Zenoti,indian_product,generic,https://careers.zenoti.com/jobs?q=Angular&location=India,0,0,no_api_available,NEEDS_MANUAL_CHECK,[]
TCS,service,generic,https://www.tcs.com/careers/india,0,0,no_api_available,NEEDS_MANUAL_CHECK,[]
Infosys,service,generic,https://www.infosys.com/careers/,0,0,no_api_available,NEEDS_MANUAL_CHECK,[]
Wipro,service,generic,https://careers.wipro.com/search/?q=Engineer,0,0,no_api_available,NEEDS_MANUAL_CHECK,[]
HCLTech,service,generic,https://www.hcltech.com/careers,0,0,no_api_available,NEEDS_MANUAL_CHECK,[]
Cognizant,service,generic,https://careers.cognizant.com/global/en/search-results?keywords=Engineer,0,0,no_api_available,NEEDS_MANUAL_CHECK,[]
Accenture,service,generic,https://www.accenture.com/in-en/careers/jobsearch?keyword=Engineer,0,0,no_api_available,NEEDS_MANUAL_CHECK,[]
Capgemini,service,generic,https://www.capgemini.com/in-en/careers/job-search/?keyword=Engineer,0,0,no_api_available,NEEDS_MANUAL_CHECK,[]
Tech Mahindra,service,generic,https://careers.techmahindra.com/job-search/?keyword=Engineer,0,0,no_api_available,NEEDS_MANUAL_CHECK,[]
Synechron,service,workday,https://synechron.wd1.myworkdayjobs.com/SynechronCareers?q=Angular,0,0,api_303,NO_ANGULAR,[]
Photon,service,generic,https://www.photon.com/careers?search=Angular,0,0,no_api_available,NEEDS_MANUAL_CHECK,[]
Tata Elxsi,service,generic,https://www.tataelxsi.com/careers/job-openings?search=Angular,0,0,no_api_available,NEEDS_MANUAL_CHECK,[]
ValueLabs,service,generic,https://careers.valuelabs.com/,0,0,no_api_available,NEEDS_MANUAL_CHECK,[]
QBurst,service,generic,https://www.qburst.com/en-in/company/career/openings/,0,0,no_api_available,NEEDS_MANUAL_CHECK,[]
Cyient,service,generic,https://careers.cyient.com/cyient/,0,0,no_api_available,NEEDS_MANUAL_CHECK,[]
Aspire Systems,service,generic,https://www.aspiresys.com/careers,0,0,no_api_available,NEEDS_MANUAL_CHECK,[]
Zensar Technologies,service,generic,https://careers.zensar.com/?search=Angular,0,0,no_api_available,NEEDS_MANUAL_CHECK,[]
Mastek,service,generic,https://www.mastek.com/careers/digital-business-openings/,0,0,no_api_available,NEEDS_MANUAL_CHECK,[]
Terralogic,service,generic,https://terralogic.com/careers/,0,0,no_api_available,NEEDS_MANUAL_CHECK,[]
Anblicks,service,generic,https://anblicks.com/careers/,0,0,no_api_available,NEEDS_MANUAL_CHECK,[]
Virtusa,service,generic,https://www.virtusa.com/careers/job-search?q=Angular&location=India,0,0,no_api_available,NEEDS_MANUAL_CHECK,[]
Encora,service,greenhouse,https://boards.greenhouse.io/encora10?q=Angular&location=India,302,17,ok,CONFIRMED_ANGULAR,"[""Javascript Frontend Mid-Level - Angular Engineer"", ""Mobile Developer / Ionic"", "".Net + Angular + AWS - Full Stack Developer"", ""Senior Full Stack Engineer (.NET/Angular)"", ""Senior Full Stack Engineer (.NET/Angular)""]"
eSparkBiz,service,generic,https://www.esparkbiz.com/careers?q=Angular&location=India,0,0,no_api_available,NEEDS_MANUAL_CHECK,[]
